alt	chr	query_snp_rsid	ref	rsID	pos_hg38	r2	D'	is_query_snp	AFR	AMR	ASN	EUR
A	2	rs10166057	G	rs10202129	72158363	0.78	0.92	0	0.45	0.08	0.05	0.08
C	2	rs10166057	C	rs72029598	72160550	0.81	0.96	0	0.43	0.07	0.04	0.08
C	2	rs10166057	T	rs10166057	72142747	1	1	1	0.66	0.12	0.05	0.08
C	2	rs10166057	T	rs10174010	72160410	0.81	0.96	0	0.43	0.07	0.04	0.08
C	2	rs10166057	T	rs13407599	72154355	0.85	0.96	0	0.48	0.08	0.05	0.06
C	2	rs10166057	T	rs2901091	72155799	0.85	0.96	0	0.33	0.06	0.05	0.06
C	2	rs10166057	T	rs62150093	72151769	0.89	0.96	0	0.07	0.04	0.05	0.06
C	2	rs10166057	T	rs6546745	72152594	0.89	0.96	0	0.27	0.06	0.05	0.06
C	2	rs10166057	T	rs9309462	72145857	0.93	1	0	0.18	0.07	0.05	0.06
G	2	rs10166057	A	rs6738598	72155149	0.85	0.96	0	0.33	0.06	0.05	0.06
G	2	rs10166057	A	rs6738942	72155460	0.85	0.96	0	0.43	0.07	0.05	0.06
G	2	rs10166057	A	rs7557210	72157198	0.78	0.92	0	0.44	0.07	0.05	0.08
G	2	rs10166057	C	rs3768641	72141061	0.81	0.96	0	0.93	0.15	0.04	0.09
G	2	rs10166057	C	rs6546746	72153499	0.85	0.96	0	0.36	0.08	0.05	0.07
G	2	rs10166057	C	rs6710195	72155316	0.85	0.96	0	0.32	0.05	0.05	0.06
G	2	rs10166057	C	rs7596302	72150712	0.89	0.96	0	0.31	0.07	0.05	0.06
G	2	rs10166057	C	rs7603034	72152050	0.58	0.92	0	0.26	0.11	0.07	0.1
G	2	rs10166057	T	rs6546747	72153694	0.85	0.96	0	0.36	0.07	0.05	0.06
T	2	rs10166057	C	rs3768638	72142426	1	1	0	0.19	0.07	0.05	0.06
T	2	rs10166057	C	rs62150094	72154393	0.85	0.96	0	0.02	0.04	0.05	0.06
T	2	rs10166057	C	rs6546748	72156739	0.85	0.96	0	0.47	0.08	0.05	0.08
T	2	rs10166057	G	rs3768639	72142219	1	1	0	0.53	0.1	0.05	0.06
T	2	rs10166057	G	rs6710373	72155244	0.85	0.96	0	0.18	0.04	0.05	0.06
T	2	rs185665940	C	rs185665940	72041898	1	1	1	0	0.01	0	0.01
T	2	rs10166057	T	rs201274965	72154768	0.53	0.76	0	0.27	0.06	0.05	0.05
