PAIR_TAG	STATISTIC	GWAS_TAG	N_VALID_AUTOSOMAL	N_INVALID_AUTOSOMAL	MEDIAN_CHISQ_BIN_MIDPOINT	LAMBDA_GC	HISTOGRAM_BIN_WIDTH	SOURCE_PAIR_ROWS	ELIGIBLE_VARIANT_ROWS	AUTOSOMAL_VARIANT_ROWS	X_VARIANT_ROWS	EXCLUDED_STRAND_AMBIGUOUS	EXCLUDED_EAF_DIFF_GT_MAX	MAX_EAF_ABS_DIFF	INPUT_SCOPE
ALL_FEMALE_vs_MALE	GROUP1	ALL_FEMALE	6379921	0	0.59815	1.31479910071475	0.0001	7518467	6379921	6379921	0	1138546	0	0.2	full_unfiltered_harmonization_eligible_autosomes_for_lambda
ALL_FEMALE_vs_MALE	GROUP2	ALL_MALE	6379921	0	0.62155	1.36623485923139	0.0001	7518467	6379921	6379921	0	1138546	0	0.2	full_unfiltered_harmonization_eligible_autosomes_for_lambda
ALL_FEMALE_vs_MALE	DIFFERENCE	ALL_FEMALE_vs_MALE	6379921	0	0.46405	1.02003263844634	0.0001	7518467	6379921	6379921	0	1138546	0	0.2	full_unfiltered_harmonization_eligible_autosomes_for_lambda
ASN_FEMALE_vs_MALE	GROUP1	ASN_FEMALE	5715993	0	0.49275	1.08311837645606	0.0001	6935550	5875776	5715993	159783	1059774	0	0.2	full_unfiltered_harmonization_eligible_autosomes_for_lambda
ASN_FEMALE_vs_MALE	GROUP2	ASN_MALE	5715993	0	0.48455	1.06509387988186	0.0001	6935550	5875776	5715993	159783	1059774	0	0.2	full_unfiltered_harmonization_eligible_autosomes_for_lambda
ASN_FEMALE_vs_MALE	DIFFERENCE	ASN_FEMALE_vs_MALE	5715993	0	0.45375	0.997392112261671	0.0001	6935550	5875776	5715993	159783	1059774	0	0.2	full_unfiltered_harmonization_eligible_autosomes_for_lambda
EUR_FEMALE_vs_MALE	GROUP1	EUR_FEMALE	6456348	0	0.58685	1.28996046519176	0.0001	7838328	6650636	6456348	194288	1187692	0	0.2	full_unfiltered_harmonization_eligible_autosomes_for_lambda
EUR_FEMALE_vs_MALE	GROUP2	EUR_MALE	6456348	0	0.61755	1.35744242187812	0.0001	7838328	6650636	6456348	194288	1187692	0	0.2	full_unfiltered_harmonization_eligible_autosomes_for_lambda
EUR_FEMALE_vs_MALE	DIFFERENCE	EUR_FEMALE_vs_MALE	6456348	0	0.46455	1.0211316931155	0.0001	7838328	6650636	6456348	194288	1187692	0	0.2	full_unfiltered_harmonization_eligible_autosomes_for_lambda
